id1,id2,id3
21e6ca3a-084a-4d29-88ca-9df1ab81b74d,744fbd09-cbb7-11ec-8800-2cfda1aeea94,ca00409d-cbaf-11ec-8578-2cfda1aeea94
5d016cd6-58ec-4950-a9b6-85da9969dce0,74521f34-cbb7-11ec-8045-2cfda1aeea94,ca00409d-cbaf-11ec-8578-2cfda1aeea94
ec2356cb-14ce-4362-bcf7-e66c8a364ab6,74521f34-cbb7-11ec-8045-2cfda1aeea94,ca00409e-cbaf-11ec-a9f2-2cfda1aeea94
68794ad0-ea41-4183-8ae6-ec2aeb706c5c,74521f34-cbb7-11ec-8045-2cfda1aeea94,ca00409f-cbaf-11ec-ac61-2cfda1aeea94
2aee1c8d-5023-41dd-b0f0-208147531d83,74521f34-cbb7-11ec-8045-2cfda1aeea94,ca0e8f01-cbaf-11ec-8dd4-2cfda1aeea94
d08b09a8-4f97-40d5-b3d6-f97140043817,744fbd0b-cbb7-11ec-9ed0-2cfda1aeea94,c9c7d8be-cbaf-11ec-9e8b-2cfda1aeea94
c34e16d9-8b1b-4e0b-be1d-85fd239d7019,744fbd0b-cbb7-11ec-9ed0-2cfda1aeea94,c9ca3c3c-cbaf-11ec-9bad-2cfda1aeea94
3638f356-53a4-4134-a98c-1eb900cf1372,744fbd07-cbb7-11ec-9c0b-2cfda1aeea94,c9bfb39a-cbaf-11ec-9a4b-2cfda1aeea94
44c04c60-c033-43b1-91cd-cb198ab16d3e,744fbd07-cbb7-11ec-9c0b-2cfda1aeea94,c9bfb39b-cbaf-11ec-9297-2cfda1aeea94
3a94098b-5520-4468-ad9a-59523d7d6260,744fbd07-cbb7-11ec-9c0b-2cfda1aeea94,c9bfb39d-cbaf-11ec-ba30-2cfda1aeea94
373b7eb4-8d06-426c-92e6-a62e47961791,744fbd07-cbb7-11ec-9c0b-2cfda1aeea94,c9bfb39e-cbaf-11ec-9935-2cfda1aeea94
84000c32-29c4-4533-b0ae-d4e722d7c618,74521f35-cbb7-11ec-b624-2cfda1aeea94,c9d261f9-cbaf-11ec-b6fc-2cfda1aeea94
0b761057-9e69-400a-9126-1ede5e4661f7,74521f35-cbb7-11ec-b624-2cfda1aeea94,c9d29e60-cbaf-11ec-956f-2cfda1aeea94
68aa0023-6df3-4f73-a2bc-145c7740e86f,744fbd11-cbb7-11ec-839d-2cfda1aeea94,c9bfb3a0-cbaf-11ec-986d-2cfda1aeea94
a1a38c13-ec25-44b9-86a1-854cc8c6896f,744fbd11-cbb7-11ec-839d-2cfda1aeea94,c9c7d8be-cbaf-11ec-9e8b-2cfda1aeea94
5220ad12-b4d6-4ac6-96ff-649930665269,744fbd11-cbb7-11ec-839d-2cfda1aeea94,c9c7d8bf-cbaf-11ec-937b-2cfda1aeea94
96943f97-6ee2-438c-8117-f9839dd4efad,744fbd11-cbb7-11ec-839d-2cfda1aeea94,c9c7d8c0-cbaf-11ec-af68-2cfda1aeea94
82ffddc6-0ccf-4203-bc55-571a9bcd414c,744fbd11-cbb7-11ec-839d-2cfda1aeea94,c9ca3c37-cbaf-11ec-8bab-2cfda1aeea94
7a5461aa-c362-4f60-b6d4-8b4e9b4d6dfe,744fbd11-cbb7-11ec-839d-2cfda1aeea94,c9ca3c38-cbaf-11ec-9fc2-2cfda1aeea94
6595ae93-9b7e-48a8-acaa-2e5f75e1dc5f,744fbd11-cbb7-11ec-839d-2cfda1aeea94,c9ca3c39-cbaf-11ec-8f10-2cfda1aeea94
00bead99-a122-40d2-9663-b82e5b319b99,744fbd11-cbb7-11ec-839d-2cfda1aeea94,c9ca3c3a-cbaf-11ec-b74e-2cfda1aeea94
31755b34-a97d-4fea-9d28-ac8ee8d3a796,74521f2f-cbb7-11ec-a8cb-2cfda1aeea94,c9da62f1-cbaf-11ec-8521-2cfda1aeea94
7bb760c0-6140-4a57-8146-936bbcf4c1b6,74521f2f-cbb7-11ec-a8cb-2cfda1aeea94,c9da62f2-cbaf-11ec-9933-2cfda1aeea94
70092be8-b0d1-423f-8eb5-197c0873a8e1,74521f2f-cbb7-11ec-a8cb-2cfda1aeea94,c9da62f3-cbaf-11ec-8556-2cfda1aeea94
530e8be0-93e4-4394-bdb5-85ba0587be90,74521f2f-cbb7-11ec-a8cb-2cfda1aeea94,c9da62f4-cbaf-11ec-9d7b-2cfda1aeea94
d3e0efa7-1b8e-4a77-bbc9-5ccad688e8e6,74521f2f-cbb7-11ec-a8cb-2cfda1aeea94,c9da62f5-cbaf-11ec-91cc-2cfda1aeea94
fe64465f-39ba-4fa0-b473-df440b80a33b,74521f2f-cbb7-11ec-a8cb-2cfda1aeea94,c9dcc640-cbaf-11ec-a755-2cfda1aeea94
458f7f11-8cac-4f80-a78a-a71368a71b32,74521f2f-cbb7-11ec-a8cb-2cfda1aeea94,c9dcc642-cbaf-11ec-b857-2cfda1aeea94
be44d6f5-f722-4ed3-9d56-d344945fd398,74521f2f-cbb7-11ec-a8cb-2cfda1aeea94,c9dcc646-cbaf-11ec-b46b-2cfda1aeea94
7b1928a0-08ab-4c5a-8310-256b3ad34df4,744fbd10-cbb7-11ec-bae6-2cfda1aeea94,c9f87c5f-cbaf-11ec-b693-2cfda1aeea94
48dd588a-6820-44ac-b3d3-c2776c951cfe,744fbd0f-cbb7-11ec-adb1-2cfda1aeea94,c9e67677-cbaf-11ec-abdc-2cfda1aeea94
ba6cac3c-f5ab-4c6b-86d5-dcad5080d45b,744fbd0f-cbb7-11ec-adb1-2cfda1aeea94,c9ed1fea-cbaf-11ec-a3e8-2cfda1aeea94
3bb27391-f6ae-47a0-ae72-73f7cdb57c41,74521f31-cbb7-11ec-8c18-2cfda1aeea94,c9bfb39f-cbaf-11ec-bae5-2cfda1aeea94
cf24c2c0-d33c-497a-af36-d761196024fb,74521f31-cbb7-11ec-8c18-2cfda1aeea94,c9bfb3a0-cbaf-11ec-986d-2cfda1aeea94
c65ec11c-f793-480f-9959-e805496212db,74521f32-cbb7-11ec-abec-2cfda1aeea94,c9c7d8c0-cbaf-11ec-af68-2cfda1aeea94
9a6e06e9-e390-47f9-82d4-ba9d94373578,74521f32-cbb7-11ec-abec-2cfda1aeea94,c9ca3c38-cbaf-11ec-9fc2-2cfda1aeea94
60e9f628-b0a9-4580-9e4e-636fb8adc69c,74521f32-cbb7-11ec-abec-2cfda1aeea94,c9ca3c39-cbaf-11ec-8f10-2cfda1aeea94
7e4f98d6-e440-4540-b6c4-e6babb7382a9,74521f32-cbb7-11ec-abec-2cfda1aeea94,c9ca3c3c-cbaf-11ec-9bad-2cfda1aeea94
8e7ed21f-c73c-4124-a3f9-b96855771f00,74521f32-cbb7-11ec-abec-2cfda1aeea94,c9cef07a-cbaf-11ec-8859-2cfda1aeea94
718f2ef7-75cf-43e9-aa04-f84f6addd867,744fbd0e-cbb7-11ec-afce-2cfda1aeea94,c9bd5166-cbaf-11ec-b5b8-2cfda1aeea94
b8dd3364-cbce-4e65-a532-8f674c446bc8,744fbd0e-cbb7-11ec-afce-2cfda1aeea94,c9bd5167-cbaf-11ec-b629-2cfda1aeea94
acea1373-bf18-4e24-97e3-91f3fbb2b1f1,744fbd0e-cbb7-11ec-afce-2cfda1aeea94,c9bd5168-cbaf-11ec-a382-2cfda1aeea94
970f1610-1d60-4533-b7b3-5787995934da,74521f33-cbb7-11ec-8372-2cfda1aeea94,c9ed1fe7-cbaf-11ec-8994-2cfda1aeea94
13390926-dbfb-4ece-b9dc-cad85786c087,74521f33-cbb7-11ec-8372-2cfda1aeea94,c9ed1fee-cbaf-11ec-a27d-2cfda1aeea94
4707c4cf-7511-4d73-ad1e-ca239789a483,74521f33-cbb7-11ec-8372-2cfda1aeea94,c9ed1fef-cbaf-11ec-8e9f-2cfda1aeea94
c6db4135-5f59-4a6b-91f1-420e291e1b9e,74521f33-cbb7-11ec-8372-2cfda1aeea94,c9f61a27-cbaf-11ec-b56a-2cfda1aeea94
f25d5105-697d-4045-9415-328bfb720143,74521f33-cbb7-11ec-8372-2cfda1aeea94,c9f61a28-cbaf-11ec-bd0a-2cfda1aeea94
e538efcc-8265-44c7-8b5e-76140ec90b41,744fbd0d-cbb7-11ec-be97-2cfda1aeea94,c9d261f8-cbaf-11ec-8d92-2cfda1aeea94
7f710290-ad3a-45f5-ba50-e53fbba99121,744fbd0d-cbb7-11ec-be97-2cfda1aeea94,c9d29e60-cbaf-11ec-956f-2cfda1aeea94
a4e9678d-084c-4391-8e23-bf7d9998f5b5,744d5b74-cbb7-11ec-940f-2cfda1aeea94,c9e67678-cbaf-11ec-b5e3-2cfda1aeea94
9262bfc6-b280-4260-9dff-e3879c195364,744d5b74-cbb7-11ec-940f-2cfda1aeea94,c9e6767c-cbaf-11ec-abc0-2cfda1aeea94
4321ddcb-f072-4d46-a946-a1f209e1d5fd,744d5b74-cbb7-11ec-940f-2cfda1aeea94,c9ed1fe7-cbaf-11ec-8994-2cfda1aeea94
22f28802-c8f3-43db-8ff6-a9e09afc4b21,744fbd08-cbb7-11ec-a1bc-2cfda1aeea94,c9cf3e63-cbaf-11ec-9b61-2cfda1aeea94
5476c26d-4940-4c8f-b862-9bcaa5df8bde,744fbd08-cbb7-11ec-a1bc-2cfda1aeea94,c9d261f9-cbaf-11ec-b6fc-2cfda1aeea94
e1b11550-2035-4cfd-9e7c-0547a6840f34,744fbd08-cbb7-11ec-a1bc-2cfda1aeea94,c9d33c4e-cbaf-11ec-b570-2cfda1aeea94
60ffce65-02e1-402a-b89e-f84b333fde20,744fbd12-cbb7-11ec-bd90-2cfda1aeea94,c9cef07a-cbaf-11ec-8859-2cfda1aeea94
c01b49cd-3ffc-4c3d-8f87-349acad7d423,744fbd12-cbb7-11ec-bd90-2cfda1aeea94,c9d29e60-cbaf-11ec-956f-2cfda1aeea94
456b1e98-e468-4fad-bf7e-5138f1c12d8f,744fbd12-cbb7-11ec-bd90-2cfda1aeea94,c9d801be-cbaf-11ec-a5fc-2cfda1aeea94
1b70b394-9e10-4156-a021-5cabacf71627,744fbd0c-cbb7-11ec-93ac-2cfda1aeea94,c9bd5164-cbaf-11ec-9a69-2cfda1aeea94
7184ee8a-ff29-4138-8852-b9ee7fffa565,744fbd0c-cbb7-11ec-93ac-2cfda1aeea94,c9bd5167-cbaf-11ec-b629-2cfda1aeea94
fc585c90-6134-4814-90e2-5751f21eb74d,744fbd0c-cbb7-11ec-93ac-2cfda1aeea94,c9bd5168-cbaf-11ec-a382-2cfda1aeea94
37739125-81b0-41c2-bd3b-2c9833504101,74521f30-cbb7-11ec-a8db-2cfda1aeea94,c9c7d8be-cbaf-11ec-9e8b-2cfda1aeea94
f4715a69-7c5a-4341-b15b-abb624e198ec,74521f30-cbb7-11ec-a8db-2cfda1aeea94,c9c7d8bf-cbaf-11ec-937b-2cfda1aeea94
8f7730b6-5620-4bfa-a3d4-55c44ac9f161,74521f30-cbb7-11ec-a8db-2cfda1aeea94,c9ca3c37-cbaf-11ec-8bab-2cfda1aeea94
7f854ded-00a1-48da-b91f-4b040fa7e448,74521f30-cbb7-11ec-a8db-2cfda1aeea94,c9ca3c38-cbaf-11ec-9fc2-2cfda1aeea94
1f59eff2-f823-4c56-a32c-d14cf7e48da7,74521f30-cbb7-11ec-a8db-2cfda1aeea94,c9ca3c39-cbaf-11ec-8f10-2cfda1aeea94
914796f8-0061-4e9e-af3c-03f93a2571a7,74521f30-cbb7-11ec-a8db-2cfda1aeea94,c9ca3c3b-cbaf-11ec-b0a7-2cfda1aeea94
28807897-0171-43b9-9b1b-c699ea8717c1,74521f30-cbb7-11ec-a8db-2cfda1aeea94,c9ca3c3c-cbaf-11ec-9bad-2cfda1aeea94
0bb1f47c-47cc-47a9-ba06-a269e1e3e763,744fbd0a-cbb7-11ec-a7fe-2cfda1aeea94,c9bd5166-cbaf-11ec-b5b8-2cfda1aeea94
032a587c-ab8f-4db0-84f4-6cfc17707d58,744fbd0a-cbb7-11ec-a7fe-2cfda1aeea94,c9fd40ce-cbaf-11ec-9172-2cfda1aeea94
